timestamp,open,high,low,close,volume,funding,oi_btc,oi_usd,ret_1,ret_24h,ret_48h,range_24h,volatility_24h,funding_ma_24h,funding_z_30d,funding_prev,funding_prev2,oi_change_24h,oi_change_48h,oi_z_30d,ema_20,ema_50,ema_slope_24h,trend,h9_crowded_long_short,h9_crowded_short_long,funding_flip_short,funding_flip_long,flush_rebound_long,signal_score_short,signal_score_long,signal
2026-05-13 04:00:00,81249.99,81281.07,80889.12,81026.92,1495.76347,5.367e-05,105835.643,8566946280.09668,,,,,,,,,,,,,81026.92,81026.92,,sideway,False,False,False,False,False,0,0,hold
2026-05-13 08:00:00,81026.92,81324.64,80494.98,80501.22,1841.28298,5.437e-05,105216.872,8498385226.646267,-0.00648796720892264,,,,,,,5.367e-05,,,,,80976.85333333333,81006.30431372549,,sideway,False,False,False,False,False,0,0,hold
2026-05-13 12:00:00,80501.22,80592.65,78807.22,78827.21,5073.46241,5.437e-05,103963.568,8288724178.6496,-0.02079484012788868,,,,,5.413666666666667e-05,,5.437e-05,5.367e-05,,,,80772.1253968254,80920.84963475587,,sideway,False,False,False,False,False,0,0,hold
2026-05-13 16:00:00,78827.21,79800.0,78754.65,79642.41,3344.60077,1.749e-05,104467.895,8311016514.2515,0.010341606660948743,,,,,4.4975e-05,,5.437e-05,5.437e-05,,,,80664.5334542706,80870.71474711839,,sideway,False,False,False,False,False,0,0,hold
2026-05-13 20:00:00,79642.41,79760.0,79228.0,79313.61,1479.02843,1.749e-05,104065.646,8262305056.834388,-0.004128453671856547,,,,,3.9478000000000004e-05,,1.749e-05,5.437e-05,,,,80535.87407767339,80809.65181585884,,sideway,False,False,False,False,False,0,0,hold
2026-05-14 00:00:00,79313.61,79681.73,78922.0,79044.85,2209.55472,3.928e-05,104267.444,8271421638.3316,-0.0033885735373789805,,,0.032632866757708934,,3.9445e-05,,1.749e-05,1.749e-05,,,,80393.87178456163,80740.44390151145,,sideway,False,False,False,False,False,0,0,hold
2026-05-14 04:00:00,79044.86,79998.0,78982.06,79745.98,2068.97946,3.928e-05,103779.271,8278430935.9616,0.008870027585604845,-0.015808820081029906,,0.032632866757708934,0.011385720949713393,3.7046666666666665e-05,,3.928e-05,1.749e-05,-0.019429862584195767,,,80332.16780507957,80701.44531713845,-0.008574337947443,down,False,False,False,False,False,0,0,hold
2026-05-14 08:00:00,79745.99,79936.98,79234.0,79258.27,1846.46215,2.928e-05,104024.752,8273078124.0848,-0.006115794175455491,-0.015440138671190318,,0.02333830446837104,0.011361277904229236,3.2865e-05,,3.928e-05,3.928e-05,-0.011330122035941304,,,80229.89182364343,80644.85020666244,-0.00922438300504358,down,False,False,False,False,False,0,0,hold
2026-05-14 12:00:00,79258.27,81332.23,79230.31,81301.23,5702.09728,2.928e-05,105777.618,8560201825.3152,0.025775985269423485,0.03138535538680087,,0.032729242019360116,0.012264609563579129,2.868333333333333e-05,,2.928e-05,3.928e-05,0.017448900945762125,,,80331.92403091548,80670.59059071488,-0.005449916833898505,sideway,False,False,False,False,False,0,0,hold
2026-05-14 16:00:00,81301.22,82048.13,81080.25,81419.74,6279.93607,4.094e-05,110585.775,9016786781.246357,0.0014576655236335778,0.0223163764130192,,0.039610374800435943,0.012057997549227609,3.259166666666666e-05,,2.928e-05,2.928e-05,0.05856229801509816,,,80435.52555178068,80699.96899892215,-0.002839016017116669,sideway,False,False,False,False,False,0,0,hold
2026-05-14 20:00:00,81419.75,81590.19,81059.93,81089.99,1620.83839,4.094e-05,110595.283,9004664632.015244,-0.004050000650947738,0.02239691271145028,,0.039610374800435943,0.01204779015991975,3.65e-05,,4.094e-05,2.928e-05,0.06274536555512289,,,80497.85549923014,80715.2639401409,-0.00047207010389660464,sideway,False,False,False,False,False,0,0,hold
2026-05-15 00:00:00,81090.0,81664.45,80750.0,81059.15,2453.72559,-4.239e-05,110253.672,8959422868.6968,-0.0003803182119027637,0.025483001106333836,,0.03881982819896068,0.011749798489178223,2.2888333333333336e-05,,4.094e-05,4.094e-05,0.0574122446120382,,,80551.31211835108,80728.74966797851,0.001958362376318412,up,False,False,False,False,False,0,0,hold
2026-05-15 04:00:00,81059.15,81100.0,80314.0,80814.88,3091.1014,-4.239e-05,108154.988,8710997412.4984,-0.003013478429023664,0.01340381044912875,-0.002616908059691725,0.03556492458504845,0.011818578821793952,9.276666666666667e-06,,-4.239e-05,4.094e-05,0.04216368989525865,0.02191459261035522,,80576.41382136526,80732.12732805779,0.003040450954570728,up,False,False,False,False,False,0,0,hold
2026-05-15 08:00:00,80814.88,80822.95,80369.0,80628.53,1706.25967,-1.893e-05,107799.111,8696165064.2811,-0.0023058872326483515,0.01728854288643933,0.0015814667156597295,0.03556492458504845,0.011371221054591993,1.2416666666666663e-06,,-4.239e-05,-4.239e-05,0.036283278041364664,0.024542062037350876,,80581.37726694952,80728.0646877418,0.004380978651681522,sideway,False,False,False,False,False,0,0,hold
2026-05-15 12:00:00,80628.52,80635.44,78659.0,79150.27,6208.56941,-1.893e-05,102400.698,8102054249.635115,-0.018334205026434125,-0.026456672303727613,0.004098331020468748,0.043086360111366906,0.007085956211052628,-6.793333333333334e-06,,-1.893e-05,-4.239e-05,-0.031924712087957996,-0.015032862281140646,,80445.08133676385,80666.19038626173,0.0014086218799491679,sideway,False,False,False,False,False,0,0,hold
2026-05-15 16:00:00,79150.26,79561.94,79051.0,79146.5,1959.36078,1.548e-05,102147.928,8096496608.505892,-4.763091774673267e-05,-0.02792001055272353,-0.00622670760465438,0.03820859660051612,0.006858477732884052,-1.1036666666666667e-05,,-1.893e-05,-1.893e-05,-0.07630137782187618,-0.022207463833745278,,80321.40692373872,80606.5946848397,-0.001418759027918548,down,False,False,False,False,False,0,0,hold
2026-05-15 20:00:00,79146.5,79217.07,78911.42,79113.21,1932.25394,1.548e-05,101955.863,8061660282.9963,-0.0004206124086345575,-0.024377608136343376,-0.002526678586436737,0.03820859660051612,0.007082457016622788,-1.528e-05,,1.548e-05,-1.893e-05,-0.07811743652755965,-0.02027357808358765,,80206.34055004931,80548.03057955187,-0.003621400189767976,down,False,False,False,False,False,0,0,hold
2026-05-16 00:00:00,79113.2,79227.77,79010.0,79083.18,1248.1828,3.938e-05,101896.94,8062253721.032123,-0.0003795826259611612,-0.024376890209186763,0.00048491457697741325,0.031032685388830306,0.007082533949187876,-1.6516666666666664e-06,,1.548e-05,1.548e-05,-0.07579549822159215,-0.022734843293943263,,80099.37287861604,80490.58545878512,-0.005610575766550219,down,False,False,False,False,False,0,0,hold
2026-05-16 04:00:00,79083.19,79129.71,78066.0,78369.77,2404.82958,3.938e-05,101568.381,7984310744.0862,-0.009021008007012221,-0.030255690536198254,-0.01725742162802424,0.03531563036405094,0.007321606544775161,1.1976666666666668e-05,,3.938e-05,1.548e-05,-0.06089970626227614,-0.021303772696572465,,79934.64879493832,80407.41622510727,-0.007964675963982648,down,False,False,False,False,False,0,0,hold
2026-05-16 08:00:00,78369.78,78530.52,77640.0,78081.71,3846.10003,-2.1e-06,101127.11,7881604248.336,-0.003675651976520977,-0.03158708214077566,-0.014844633878584479,0.03858114374034005,0.007238510718288435,1.4781666666666666e-05,,3.938e-05,3.938e-05,-0.06189291301298394,-0.027855312743259364,,79758.17843351563,80316.2120594168,-0.010215745391231157,down,False,False,False,False,False,0,0,hold
2026-05-16 12:00:00,78080.46,78346.0,77833.4,78238.67,2684.35726,-2.1e-06,101726.821,7944222549.334405,0.0020102018769823093,-0.01151733278989453,-0.037669294794187014,0.024754507985574437,0.0039263187894511406,1.758666666666667e-05,,-2.1e-06,3.938e-05,-0.006580785220819618,-0.03829540763529016,,79613.46334460938,80234.73982179261,-0.01033771087474078,down,False,False,False,False,False,0,0,hold
2026-05-16 16:00:00,78238.68,78364.65,78119.72,78259.66,1260.04581,4.955e-05,101879.295,7966960869.0,0.00026828165662839965,-0.011205043811160276,-0.038812209422432464,0.02045041215868104,0.003958473885797611,2.3265e-05,,-2.1e-06,-2.1e-06,-0.0026298428686678532,-0.07873056005620971,,79484.52969274182,80157.28571113407,-0.0104191057284575,down,False,False,False,False,False,0,0,hold
2026-05-16 20:00:00,78259.67,78318.94,78125.32,78148.05,689.34644,4.955e-05,101955.343,7967147345.7205,-0.0014261498197155609,-0.012199732509905803,-0.03627994034775439,0.02045041215868104,0.0039057876127308604,2.894333333333333e-05,,4.955e-05,-2.1e-06,-5.1002461722848835e-06,-0.07812213835557524,,79357.24591248069,80078.4921538347,-0.010586377981411266,down,False,False,False,False,False,0,0,hold
2026-05-17 00:00:00,78148.05,78243.19,77721.19,78028.88,1284.92928,4.037e-05,102631.778,7991761125.402551,-0.0015249260858076763,-0.013331532697597459,-0.03738344159789475,0.019187403400309222,0.003835927727858648,2.910833333333333e-05,,4.955e-05,4.955e-05,0.007211580642166426,-0.06913052292716382,,79230.73487319682,79998.1152066255,-0.010844504447438785,down,False,False,False,False,False,0,0,hold
2026-05-17 04:00:00,78028.88,78323.96,78003.35,78180.01,952.09545,4.037e-05,102443.649,7997929342.9035,0.001936846972556694,-0.0024213418005438747,-0.032603772968542555,0.011469860896445194,0.0022255266165935547,2.9273333333333337e-05,,4.037e-05,4.955e-05,0.008617524384877395,-0.05280698658114591,,79130.66583765426,79926.81696322843,-0.010058003248961112,down,False,False,False,False,False,0,0,hold
2026-05-17 08:00:00,78180.0,78599.99,78033.01,78415.99,1136.18338,1.176e-05,102126.072,8009392172.321929,0.0030184186469150998,0.004281156240046435,-0.02744115513454104,0.011307083692362552,0.0019119380293938209,3.158333333333333e-05,,4.037e-05,4.037e-05,0.009878280908057091,-0.05262602768588698,,79062.60147216338,79867.56884702339,-0.008721073813540703,down,False,False,False,False,False,0,0,hold
2026-05-17 12:00:00,78415.99,78550.0,77850.0,78051.41,1115.91599,1.176e-05,102021.718,7958861566.849133,-0.004649306856930657,-0.0023934455941032606,-0.013883212274575896,0.011307083692362552,0.0027556488047010795,3.3893333333333336e-05,,1.176e-05,4.037e-05,0.0028989109961472526,-0.0037009513353123413,,78966.29752243354,79796.34693145384,-0.008128849003522953,down,False,False,False,False,False,0,0,hold
2026-05-17 16:00:00,78051.42,78468.46,77856.69,78415.3,837.07576,4.8e-07,102607.519,8027388446.227579,0.004662183553122201,0.0019887640707869636,-0.009238563928916643,0.011307083692362552,0.003461082117325489,2.5714999999999997e-05,,1.176e-05,1.176e-05,0.007147909690580434,0.004499268942586898,,78913.82156791606,79742.18822825958,-0.007180115766324713,down,False,False,False,False,False,0,0,hold
2026-05-17 20:00:00,78415.29,78485.36,76735.16,77457.67,3116.50234,4.8e-07,102522.508,7992844191.961302,-0.0122122851025247,-0.008834257540655255,-0.020926214471641447,0.024302158228379334,0.006242811053251153,1.7536666666666668e-05,,4.8e-07,1.176e-05,0.005562876680234474,0.005557748062021695,,78775.14046620978,79652.59927813175,-0.007335252623470456,down,False,False,False,False,False,0,0,hold
2026-05-18 00:00:00,77457.67,77477.99,76707.61,76924.65,2888.01155,-1.131e-05,101416.278,7789398931.3236,-0.006881436015310105,-0.014151555167778995,-0.027294425944935474,0.024670042515990254,0.006624997761481085,8.923333333333335e-06,-1.118836694050244,4.8e-07,4.8e-07,-0.011843310363384707,-0.004717138708973945,,78598.90327895171,79545.62087506776,-0.00797457697768822,down,False,False,False,False,False,0,0,hold
2026-05-18 04:00:00,76924.66,77089.29,76583.33,77073.69,2702.66726,-1.131e-05,102212.039,7858204655.1746,0.0019374803785263683,-0.014150931932600086,-0.01653800949013884,0.026332884715250637,0.006625079819322912,3.0999999999999957e-07,-1.0789500908318461,-1.131e-05,4.8e-07,-0.0022608526957098585,0.006337188735931587,,78453.6448714325,79448.68240937883,-0.00855573448112712,down,False,False,False,False,False,0,0,hold
2026-05-18 08:00:00,77073.69,77403.48,76668.58,77285.83,2052.55387,5.778e-05,102664.273,7877595960.349758,0.0027524308230213457,-0.01441236666144241,-0.010192912014862388,0.025680131694456154,0.006582693845018322,7.98e-06,1.3384958940358205,-1.131e-05,-1.131e-05,0.005269966713299157,0.01520030583292642,,78342.42440748654,79363.86466783457,-0.009108947230004882,down,False,False,False,False,False,0,0,hold
2026-05-18 12:00:00,77285.83,77800.0,76051.0,76409.46,6216.09738,5.778e-05,104267.524,7962879527.6228,-0.011339336072343387,-0.021036775632880866,-0.02337987084903148,0.03200957252370129,0.007537538633013376,1.565e-05,1.2832366840162275,5.778e-05,-1.131e-05,0.02201301883585227,0.024975743614361168,,78158.33255915449,79248.00566125283,-0.010231769610947183,down,False,False,False,False,False,0,0,hold
2026-05-18 16:00:00,76409.46,76995.0,76144.24,76928.0,3295.85681,7.178e-05,105713.993,8058844146.671534,0.006786332477680013,-0.018966961804647853,-0.017015918546030018,0.03200957252370129,0.008032000531480519,2.7533333333333333e-05,1.6698433717615297,5.778e-05,5.778e-05,0.030275305652795348,0.037639620494036574,,78041.1580297112,79157.02504708605,-0.0110584371769884,down,False,False,False,False,False,0,0,hold
2026-05-18 20:00:00,76928.0,77222.79,76800.0,77001.87,1590.32991,7.178e-05,104501.629,8051543609.825276,0.0009602485440931563,-0.005884504400919921,-0.01466677671419836,0.02299772521071386,0.006762610147267223,3.9416666666666665e-05,1.5828472055165852,7.178e-05,5.778e-05,0.019304258534135643,0.024974522423999,,77942.17821735775,79072.50916288659,-0.01057392273656843,down,False,False,False,False,False,0,0,hold
2026-05-19 00:00:00,77001.88,77414.62,76487.83,76787.11,2006.76014,5.164e-05,104698.708,8018549623.685924,-0.0027890231756708683,-0.0017879834357386049,-0.015914235857287795,0.02299772521071386,0.006231985482137189,4.990833333333333e-05,0.8925443473587154,7.178e-05,7.178e-05,0.032365908754805606,0.02013927888884459,0.8413626721614768,77832.17172046653,78982.88566630281,-0.009754990546929188,down,False,False,False,False,False,0,0,hold
2026-05-19 04:00:00,76787.1,77278.57,76644.98,77233.69,1508.45954,5.164e-05,104655.665,8057342699.28537,0.00581581986872548,0.0020759353808024184,-0.01210437297206779,0.02299772521071386,0.006692360387894083,6.04e-05,0.871146857004609,5.164e-05,7.178e-05,0.023907418577179484,0.021592514729732004,0.6107962991266682,77775.17346137448,78914.28975782036,-0.008648054671900551,down,False,False,False,False,False,0,0,hold
2026-05-19 08:00:00,77233.68,77317.02,76633.83,76714.62,1745.68912,4.809e-05,104615.288,8055806098.6808,-0.006720771725396091,-0.007390876180019101,-0.02169672282400581,0.02299772521071386,0.007120094185428104,5.8785e-05,0.7375226373354018,5.164e-05,5.164e-05,0.019003835930343493,0.024373952226420803,0.4746325548717472,77674.168369815,78828.02819869015,-0.008529938187714303,down,False,False,False,False,False,0,0,hold
2026-05-19 12:00:00,76714.61,77048.72,76144.71,76521.23,3363.76947,4.809e-05,106444.996,8128746631.0372,-0.0025209014917886297,0.0014627769912258781,-0.019604770753020473,0.01668386210171624,0.005286047557903885,5.7169999999999996e-05,0.723097573610311,4.809e-05,5.164e-05,0.02088351114964615,0.04335623910979436,0.513985282131919,77564.36471554691,78737.56552423172,-0.007599546000524371,down,False,False,False,False,False,0,0,hold
2026-05-19 16:00:00,76521.24,77065.8,76407.72,76818.74,1634.99916,5.563e-05,104169.615,7996497159.783,0.003887940640787013,-0.001420289101497385,-0.020360312337005637,0.01667758666360397,0.004665897168067807,5.447833333333333e-05,0.953857911773562,4.809e-05,4.809e-05,-0.014609021532277167,0.015223991528340086,-0.42050123945907253,77493.35283787578,78662.31746445793,-0.00701943955812212,down,False,False,False,False,False,0,0,hold
2026-05-19 20:00:00,76818.73,77040.83,76642.95,76834.36,765.18235,5.563e-05,103912.056,7967705801.576899,0.00020333580061326906,-0.0021754017142699977,-0.008047104954228557,0.01667758666360397,0.004637498095416174,5.178666666666668e-05,0.931902704071672,5.563e-05,4.809e-05,-0.005641758943298436,0.013553589617608663,-0.17694224260887184,77430.59161522094,78590.6328580086,-0.006563668270986089,down,False,False,False,False,False,0,0,hold
2026-05-20 00:00:00,76834.36,76922.46,76516.74,76723.54,1561.801,3.254e-05,102985.208,7894279626.636,-0.0014423234604935553,-0.0008278733240514313,-0.0026143765359998294,0.01539581672843715,0.004527352577469131,4.8603333333333336e-05,0.1493803179348938,5.563e-05,5.563e-05,-0.016366009024676775,0.015470198975355842,-0.4614931998015433,77363.25336615228,78517.41353024356,-0.006024736865860247,down,False,False,False,False,False,0,0,hold
2026-05-20 04:00:00,76723.55,77472.21,76692.0,77282.64,2218.09189,3.254e-05,102953.729,7966549254.6471,0.007287202858470954,0.0006337907718767521,0.0027110418613667253,0.01743390972268455,0.00493526864321264,4.542e-05,0.14763574727446013,3.254e-05,5.563e-05,-0.016262244380177426,0.00725638591360056,-0.45124900518882255,77355.5759027092,78468.99103886147,-0.005395006401029301,down,False,False,False,False,False,0,0,hold
2026-05-20 08:00:00,77282.65,77663.0,77210.33,77382.49,1682.41191,7.983e-05,103148.665,7991564365.88057,0.0012920107284120075,0.008705902473348681,0.0012506820461137824,0.019939533553939404,0.003625719483788964,5.071e-05,1.7032427785423014,3.254e-05,3.254e-05,-0.014019203388323187,0.004718213900954504,-0.3829134397929267,77358.13915007023,78426.38315498455,-0.00406865276291235,down,False,False,False,False,False,0,0,hold
2026-05-20 12:00:00,77382.5,77853.04,76891.61,77455.46,3039.76807,7.983e-05,101862.163,7886359986.237892,0.0009429781853749208,0.01220876872993304,0.013689404427148055,0.01891588965094093,0.0031051598719755357,5.6000000000000006e-05,1.6316875831002686,7.983e-05,3.254e-05,-0.04305353160988423,-0.023069129367644714,-1.164954782486574,77367.40780244449,78388.30773714202,-0.0025392706280096267,down,False,False,False,False,False,0,0,hold
2026-05-20 16:00:00,77455.45,77713.66,77018.38,77667.49,1712.28825,6.858e-05,101858.674,7881365830.087,0.0027374442034169277,0.01104873628492209,0.009612754783693944,0.017464152288767076,0.0030011537795826744,5.8158333333333335e-05,1.2242196599966682,7.983e-05,7.983e-05,-0.022184405692581288,-0.03646933476441483,-0.5697957294603081,77395.98705935453,78360.04037490116,-0.001256440390764113,down,False,False,False,False,False,0,0,hold
2026-05-20 20:00:00,77667.49,77766.6,77226.61,77552.23,1081.90195,6.858e-05,101677.983,7876810322.6406,-0.0014840186028930447,0.009343085567446563,0.0071473588888166795,0.017464152288767076,0.003253294888283257,6.031666666666667e-05,1.1921385555914525,6.858e-05,7.983e-05,-0.02149965158999456,-0.027020114681657326,-0.5417799426391084,77410.86733941601,78328.36153666975,-0.0002547349231546425,down,False,False,False,False,False,0,0,hold
2026-05-21 00:00:00,77552.24,78173.15,77525.0,78078.72,2263.9569,1.925e-05,102042.099,7951022907.57244,0.006788844111897285,0.017663157878273106,0.016820661696995698,0.019312966150315525,0.0034649027950578726,5.8101666666666666e-05,-0.4185663972960291,6.858e-05,6.858e-05,-0.009157713212561536,-0.025373847020156104,-0.18701404273268765,77474.47235470972,78318.57167248662,0.001437620365201786,sideway,False,False,False,False,False,0,0,hold
2026-05-21 04:00:00,78078.72,78180.01,77521.0,77889.01,1454.09234,1.925e-05,101479.918,7874127331.4968605,-0.0024297273315956325,0.007846134655855375,0.008484898235471938,0.016756054399172937,0.003285800752912552,5.588666666666666e-05,-0.4136087611734638,1.925e-05,6.858e-05,-0.014315275554516393,-0.030344721425256682,-0.3317904478854452,77513.95213045165,78301.72611670283,0.0020473795960311847,sideway,False,False,False,False,False,0,0,hold
2026-05-21 08:00:00,77889.01,78200.0,77147.15,77189.1,1934.87402,4.003e-05,101068.231,7798930045.115,-0.008985991733621801,-0.002499144186236424,0.0061850009815600515,0.017016030747697863,0.005335552733771831,4.925333333333334e-05,0.27614189346032697,1.925e-05,1.925e-05,-0.020169277033299404,-0.033905723224697315,-0.49573042169386317,77483.0138323134,78258.09371996939,0.001614241030293062,sideway,False,False,False,False,False,0,0,hold
2026-05-21 12:00:00,77189.1,77402.12,76719.47,77259.46,2353.9044,4.003e-05,101554.133,7814184890.347705,0.0009115276638800296,-0.0025304865531752263,0.00964738805165588,0.019297969602761755,0.005333978721000755,4.262e-05,0.2732675356736449,4.003e-05,1.925e-05,-0.003023988406764877,-0.04594732663619061,0.009459036539623027,77461.72299114069,78218.93161330392,0.0012190558191769174,sideway,False,False,False,False,False,0,0,hold
2026-05-21 16:00:00,77259.45,78098.16,77008.75,77690.56,2693.31851,6.13e-05,101013.002,7813800161.9088,0.005579899212342365,0.00029703547777826245,0.011349053629361672,0.019297969602761755,0.005777272047705136,4.1406666666666664e-05,0.9769276322711952,4.003e-05,4.003e-05,-0.008302405350377962,-0.030302627114442315,-0.1462851632432244,77483.51699198443,78198.21115788024,0.0011309363179614618,sideway,False,False,False,False,False,0,0,hold
2026-05-21 20:00:00,77690.56,77813.35,77534.43,77615.52,618.11224,6.13e-05,100816.704,7822328364.2623825,-0.0009658831137270285,0.000816095165800057,0.010166805580211769,0.019297969602761755,0.005753338402553217,4.019333333333334e-05,0.9590819122783105,6.13e-05,4.003e-05,-0.008470653868104305,-0.029788189351195205,-0.14973569475686158,77496.08870703353,78175.36052423788,0.0011008966899164196,sideway,False,False,False,False,False,0,0,hold
2026-05-22 00:00:00,77615.52,77817.8,77327.28,77779.98,884.30161,3.564e-05,100856.088,7830789262.600146,0.002118906115683883,-0.0038261385432548645,0.01376943764586458,0.019297969602761755,0.004932951685975072,4.2925e-05,0.08583966085761777,6.13e-05,6.13e-05,-0.01162276169956089,-0.02067403699373982,-0.2430962167020061,77523.12597303034,78159.85540564032,0.0006279954782766328,sideway,False,False,False,False,False,0,0,hold
2026-05-22 04:00:00,77779.98,77900.0,77288.77,77408.06,1756.84353,3.564e-05,100558.411,7781839284.910423,-0.004781693181201585,-0.006174812081961245,0.001622874166824495,0.019297969602761755,0.005191386849681974,4.565666666666666e-05,0.08506450322522226,3.564e-05,6.13e-05,-0.009080683332834516,-0.023265966403217986,-0.1631579761801281,77512.16730893221,78130.37323287012,-2.3025809810839348e-05,down,False,False,False,False,False,0,0,hold
2026-05-22 08:00:00,77408.07,77535.0,77184.45,77428.84,1436.53453,-8.2e-06,100846.383,7793600086.3677,0.00026844749758625497,0.0031058789388656027,0.0005989727133359768,0.017970536032118067,0.003426118260417105,3.761833333333333e-05,-1.395223989409157,3.564e-05,3.564e-05,-0.0021950319878458746,-0.022320036812885524,0.05043812488183429,77504.2313747482,78102.86212569874,0.0002738347591990653,sideway,False,False,False,False,False,0,0,hold
2026-05-22 12:00:00,77428.83,77584.94,76570.0,76790.59,2613.83665,-8.2e-06,103888.77,7972475275.647539,-0.008243052588673638,-0.006068771384112881,-0.00858390099290629,0.019957685777719725,0.0049273866311623365,2.958e-05,-1.359713141029896,-8.2e-06,3.564e-05,0.02298908898173546,0.019895581836407716,0.8276254822437419,77436.26552953408,78051.40047371056,-0.00032864569265422805,down,False,True,False,False,False,0,3,long
2026-05-22 16:00:00,76790.6,77093.72,75668.76,75860.44,2815.05544,2.891e-05,104128.149,7965623014.590784,-0.012112812259939543,-0.023556529905306323,-0.023266491552643265,0.029486937541992386,0.005464162319236844,2.418166666666667e-05,-0.09528039641350411,-8.2e-06,-8.2e-06,0.030839069608088687,0.02228062580119583,1.0529399582867314,77286.18690767369,77965.48045513367,-0.002546736286262785,down,False,False,False,False,False,0,0,hold
2026-05-22 20:00:00,75860.44,76087.85,75359.18,75539.5,1765.78958,2.891e-05,104998.719,7948833523.0479,-0.004230663571157756,-0.026747485554435513,-0.02595321888229385,0.033716131199941435,0.005266216764371257,1.8783333333333334e-05,-0.09447613328121005,2.891e-05,-8.2e-06,0.041481369992020456,0.032659341796738905,1.350166619999572,77119.83577360953,77870.34396669705,-0.004855121590024769,down,False,False,False,False,False,0,0,hold
2026-05-23 00:00:00,75539.5,75664.62,75220.0,75635.22,1896.10926,1.783e-05,105405.531,7962780503.576629,0.0012671516226610002,-0.02757470495621106,-0.031295338858014055,0.035628822121776205,0.005059640942932529,1.5815e-05,-0.47351788338263745,2.891e-05,2.891e-05,0.04510826356858111,0.03296121927088147,1.4215437272015978,76978.44379517053,77782.69204643443,-0.00702606055964905,down,False,False,False,False,False,0,0,hold
2026-05-23 04:00:00,75635.22,75650.63,74289.6,74609.36,2690.99014,1.783e-05,105222.628,7930408504.8412,-0.013563257963684072,-0.036155149735053405,-0.04210671056160542,0.04435802588787663,0.006241365824916427,1.2846666666666668e-05,-0.4688103941113025,1.783e-05,2.891e-05,0.04638316132501341,0.03688128719221062,1.4200253273273742,76752.81676705905,77658.24765245662,-0.009796533476437275,down,False,False,False,False,False,0,0,hold
2026-05-23 08:00:00,74609.37,74873.55,74303.56,74789.99,2509.09623,1.025e-05,105241.078,7859466849.6868,0.002421009910820837,-0.034080970346449635,-0.03108094277559914,0.04435802588787663,0.006724011431762026,1.592166666666667e-05,-0.7258546566013704,1.783e-05,1.783e-05,0.04357811226605901,0.04128742492781923,1.3016046400957515,76565.880884482,77545.76696020341,-0.012107087234103253,down,False,False,False,False,False,0,0,hold
2026-05-23 12:00:00,74789.99,75726.3,74660.05,75520.0,2943.5001,1.025e-05,104272.922,7872795303.846115,0.00976079820307496,-0.01654616796146502,-0.022514524434936622,0.03774579483534701,0.009013077065892987,1.8996666666666667e-05,-0.7171232054641685,1.025e-05,1.783e-05,0.0036977240177162862,0.026771820305925065,0.089629687069717,76466.273181198,77466.32511862682,-0.012526331709089455,down,False,False,False,False,False,0,0,hold
2026-05-23 16:00:00,75519.99,76012.22,75371.72,75983.45,1772.27259,7.441e-05,104574.871,7928065386.232348,0.0061367849576270395,0.0016215302732227599,-0.021973197258457144,0.024205945381318594,0.008267111335927632,2.6580000000000003e-05,1.5121594349710499,1.025e-05,1.025e-05,0.004290117555052264,0.03526149039704807,0.10685480720381368,76420.29002108391,77408.17315319047,-0.011203772902189879,down,False,False,False,False,False,0,0,hold
2026-05-23 20:00:00,75983.45,77404.18,75953.94,76752.01,3274.91982,7.441e-05,103095.782,7892719659.324428,0.010114834217187951,0.01605133737978126,-0.011125481089349298,0.0419248454696215,0.008755226134558371,3.416333333333333e-05,1.474548675719768,7.441e-05,1.025e-05,-0.01812343062966315,0.022606154630883557,-0.5793858620930462,76451.8824000283,77382.44126483006,-0.008661239574498714,down,False,False,False,False,False,0,0,hold
2026-05-24 00:00:00,76752.0,77011.62,76629.02,76750.0,1051.70404,9.044e-05,102862.866,7899601991.384464,-2.6188239239499644e-05,0.014738900739629024,-0.01324222505585626,0.0419248454696215,0.00881298089646831,4.6265e-05,1.9539770189753523,7.441e-05,7.441e-05,-0.024122690487655807,0.019897440400424626,-0.7558554924808177,76480.27455240657,77357.63964660144,-0.006471542138335895,down,False,False,False,False,False,0,0,hold
2026-05-24 04:00:00,76750.01,77065.94,76651.59,76799.99,817.66826,9.044e-05,102484.808,7886831132.9288,0.0006513355048860525,0.02936132946322023,-0.007855383534996152,0.041729090773039657,0.004489898350343215,5.8366666666666665e-05,1.8857726450202839,9.044e-05,7.441e-05,-0.02601930831835897,0.01915699523135883,-0.8039990676267681,76510.72364265357,77335.77103300922,-0.003154192049266702,down,False,False,False,False,False,0,0,hold
2026-05-24 08:00:00,76799.99,77543.15,76734.42,77320.06,1746.24676,6.29e-05,101298.605,7816666335.383,0.006771745673404217,0.03382899235579506,-0.0014049028759826054,0.038616368459436945,0.004370224471854202,6.714166666666667e-05,0.9579929059423248,9.044e-05,9.044e-05,-0.037461351355599026,0.0044842659354475956,-1.1402449897861795,76587.80329573418,77335.15491406768,0.00028632089122382354,sideway,False,False,False,False,False,0,0,hold
2026-05-24 12:00:00,77320.06,77325.72,76195.36,76371.59,1982.25663,6.29e-05,100614.352,7689773817.5264,-0.012266803724673814,0.011276350635593069,-0.005456397717480743,0.028809611880954655,0.007938959504410217,7.591666666666666e-05,0.9447729588377899,6.29e-05,9.044e-05,-0.03508648199194042,-0.03151849810138285,-1.0482029671598196,76567.2115532833,77297.36805469247,0.00132003781387513,sideway,False,False,False,False,False,0,0,hold
2026-05-24 16:00:00,76371.59,76799.99,76371.59,76773.34,882.04437,6.265e-05,100060.269,7668157131.432365,0.005260464002386334,0.010395553242186217,0.012033940219698058,0.020923338539119873,0.007852953950636687,7.395666666666666e-05,0.9239959366700303,6.29e-05,6.29e-05,-0.04317100233382065,-0.039066093453750006,-1.2732602027470385,76586.84283392299,77276.81793490061,0.0021794318340473406,sideway,False,False,False,False,False,0,0,hold
2026-05-24 20:00:00,76773.33,77225.97,76108.0,77064.96,1918.0815,6.265e-05,99329.852,7625671933.8624,0.0037984539945767892,0.0040774176467823775,0.020194203032850355,0.018856756188573964,0.0068692363604981425,7.199666666666666e-05,0.912013435449099,6.265e-05,6.29e-05,-0.03652845855517162,-0.053989868200201574,-1.049819347660257,76632.3778021208,77268.50978059079,0.0023609020003989567,sideway,False,False,False,False,False,0,0,hold
2026-05-25 00:00:00,77064.96,77485.0,76914.25,77026.67,1368.4044,6.549e-05,99339.111,7655479184.0151,-0.0004968535635392346,0.0036048208469054988,0.018396852683181253,0.018856756188573964,0.006881838480517147,6.783833333333333e-05,0.9926069746089191,6.265e-05,6.265e-05,-0.034256823059936825,-0.057553146807827416,-0.9649991443079599,76669.92944001405,77259.02586762645,0.0024797882685099193,sideway,False,False,False,False,False,0,0,hold
2026-05-25 04:00:00,77026.68,77650.0,76990.78,77401.12,1348.52945,6.549e-05,100129.839,7748726800.208703,0.004861303234321213,0.007827214560835127,0.03741836144955535,0.020260682188468992,0.007096964577311903,6.368e-05,0.9792015898462456,6.549e-05,6.265e-05,-0.0229787130986282,-0.04840013119611486,-0.6090936380596698,76739.56663620319,77264.59818654307,0.0029909924080504524,up,False,False,False,False,False,0,0,hold
2026-05-25 08:00:00,77401.11,77699.97,77280.32,77357.5,1214.44703,3.527e-05,99486.117,7710297345.267229,-0.000563557736632192,0.00048422104173218017,0.034329594107446626,0.020917249172228924,0.0065835146907659075,5.9075000000000006e-05,-0.027100360613729467,6.549e-05,6.549e-05,-0.017892526752959714,-0.054683599877226596,-0.44671503165083465,76798.41743275528,77268.24139491393,0.0027499696813060304,up,False,False,False,False,False,0,0,hold
2026-05-25 12:00:00,77357.5,77905.52,77286.5,77628.82,1563.39696,3.527e-05,99512.567,7729787910.5755,0.0035073522282909053,0.016462011593578296,0.027923993644067835,0.023618016502864325,0.00260582620241851,5.4470000000000005e-05,-0.026921409897956775,3.527e-05,6.549e-05,-0.010950574923943246,-0.04565283976601342,-0.22745303948080847,76877.5033915405,77282.38173236829,0.0040525419688459685,up,False,False,False,False,False,0,0,hold
2026-05-25 16:00:00,77628.82,77807.29,77343.61,77441.86,1121.16576,1.426e-05,99866.093,7740809239.183153,-0.0024083838965993642,0.008707710254627576,0.01919378496238333,0.023618016502864325,0.0029704108634639142,4.640500000000001e-05,-0.7288842464257886,3.527e-05,3.527e-05,-0.0019405904255564987,-0.045027815525586545,0.0564687425165986,76931.25163996521,77288.63578207933,0.004496970932579947,up,False,False,False,False,False,0,0,hold
2026-05-25 20:00:00,77441.85,77500.0,77019.82,77322.01,1056.37837,1.426e-05,99852.244,7697080273.0668,-0.0015476126219076125,0.003335497741126403,0.0074265156052590875,0.012887988896725933,0.002926456561051809,3.834e-05,-0.7216799902677767,1.426e-05,3.527e-05,0.005259164183593068,-0.031461403532493715,0.28317573453813194,76968.46672187328,77289.94457493897,0.004385730018978684,up,False,False,False,False,False,0,0,hold
2026-05-26 00:00:00,77322.01,77345.0,76475.59,76664.01,2145.81269,8.058e-05,99758.0,7644535346.4,-0.008509866724882076,-0.004708239366962186,-0.0011203908794789053,0.01869786163140441,0.004759079317261571,4.085500000000001e-05,1.4992141542240278,1.426e-05,1.426e-05,0.004216758090375805,-0.030184517705349467,0.24799551544109588,76939.47084359963,77265.3981210198,0.003515607821140243,sideway,False,False,False,False,False,0,0,hold
2026-05-26 04:00:00,76664.0,77059.74,76603.73,76730.84,2043.2043,8.058e-05,99069.068,7615429350.2532,0.0008717258593700095,-0.008659823010312984,-0.000900390742238466,0.01869786163140441,0.004037842668718457,4.3370000000000007e-05,1.4688020924471608,8.058e-05,1.426e-05,-0.010593954914878134,-0.03332923256293763,-0.2274455731626958,76919.60123944728,77244.43505745039,0.002346046650192557,sideway,False,False,False,False,False,0,0,hold
2026-05-26 08:00:00,76730.84,77621.75,76586.94,77183.55,1896.99632,3.852e-05,98708.766,7640571773.9832,0.005899974508294381,-0.0022486507449180904,-0.0017655185471919799,0.01869786163140441,0.005053461207012524,4.391166666666667e-05,0.06238461140811078,8.058e-05,8.058e-05,-0.007813663086277622,-0.02556638366342745,-0.13635673251748226,76944.73921664277,77242.04740813862,0.0019052708217017766,sideway,False,False,False,False,False,0,0,hold
2026-05-26 12:00:00,77183.56,78080.0,76272.63,76518.1,4834.0846,3.852e-05,97219.84,7473999274.118854,-0.008621655780279514,-0.01430808815591944,0.0019183835245542014,0.023696180399181088,0.005592113955030858,4.445333333333334e-05,0.06200166111162797,3.852e-05,8.058e-05,-0.02303957247932309,-0.033737850838616024,-0.6275430006172114,76904.10691029584,77213.65731370181,0.00034605076363969367,sideway,False,False,False,False,False,0,0,hold
2026-05-26 16:00:00,76518.1,76710.01,75779.3,76052.0,4688.69854,5.776e-05,98698.342,7483288550.7716,-0.006091369231593591,-0.01794714124893182,-0.009395709500198857,0.03036053381332371,0.005793573077126006,5.1703333333333344e-05,0.7068128887954321,3.852e-05,3.852e-05,-0.01169316797043407,-0.013611066746182732,-0.2538317627003103,76822.95387122004,77168.1021249292,-0.0014077213932771615,down,False,False,False,False,False,0,0,hold
2026-05-26 20:00:00,76052.0,76180.0,75677.97,75930.01,1344.67984,5.776e-05,99180.25,7510890578.425,-0.0016040340819439836,-0.018002635989416205,-0.014727185999966919,0.03174014842100026,0.005790789733332193,5.895333333333334e-05,0.7004634633745696,5.776e-05,3.852e-05,-0.006729883807118142,-0.0015061131874031242,-0.08952651998779368,76737.91159777052,77119.54949257903,-0.0029954490965224956,down,False,False,False,False,False,0,0,hold
2026-05-27 00:00:00,75930.01,76104.02,75607.62,75683.0,2404.25109,0.0001,99712.863,7563310400.1267,-0.0032531274525051668,-0.012796226025745261,-0.01744421769758442,0.03270014318662606,0.005154859613265554,6.219e-05,2.0703481286736456,5.776e-05,5.776e-05,-0.00045246496521589297,0.003762385189857387,0.1181424765593488,76637.44382655428,77063.21421836024,-0.003925514612120207,down,False,False,False,False,False,0,0,hold
2026-05-27 04:00:00,75683.0,75980.0,75310.9,75977.17,2224.40852,0.0001,100591.795,7624908831.428227,0.003886870235059403,-0.009822256605036439,-0.01839702061158799,0.03676891392879389,0.005631316974763107,6.542666666666667e-05,2.007685692698678,0.0001,5.776e-05,0.015370357577200622,0.004613569787123906,0.6411453259278508,76574.56060497768,77020.62424901278,-0.004485730930865017,down,True,False,False,False,False,3,0,short
2026-05-27 08:00:00,75977.16,76071.41,75710.76,75769.18,1291.66875,8.948e-05,101083.438,7669042429.884025,-0.002737532866781023,-0.018324759615229058,-0.020532204375787844,0.03676891392879389,0.0042577158997527485,7.392e-05,1.6274231346699155,0.0001,0.0001,0.024057356770117,0.016055717603291386,0.9217175769447301,76497.8576902179,76971.54800395346,-0.005807824303187825,down,True,False,False,False,False,3,0,short
2026-05-27 12:00:00,75769.18,76174.15,74758.33,75326.01,5186.20338,8.948e-05,102980.772,7724951810.417799,-0.005848948081528693,-0.015579189760331347,-0.029664369495762122,0.026106522176190916,0.0036403807711796435,8.241333333333335e-05,1.5937936221984437,8.948e-05,0.0001,0.05925675253117069,0.034851929807016235,2.035140703527349,76386.2531482924,76907.01710183764,-0.006733759519598759,down,True,False,False,False,False,4,0,short
2026-05-27 16:00:00,75326.02,75408.01,74663.45,75066.08,3165.53822,9.914e-05,102486.17,7686452501.383,-0.0034507336841549385,-0.012963761636774818,-0.030678240424493963,0.020311812540138474,0.0032764665369068844,8.931000000000001e-05,1.8549793898922362,8.948e-05,8.948e-05,0.03837782806929013,0.026235901708901332,1.3255041261473255,76260.52237226455,76834.82349000087,-0.007321138678139327,down,True,False,False,False,False,4,0,short
2026-05-27 20:00:00,75066.09,75415.81,74243.99,74449.3,2605.70487,9.914e-05,100980.063,7511187254.346337,-0.008216494054305246,-0.019500985183592,-0.03715255203531298,0.025997525186887138,0.004065858797183909,9.620666666666668e-05,1.8096033163057512,9.914e-05,8.948e-05,0.018146889123590526,0.011294878861209945,0.6576462116561279,76088.02500347745,76741.27354921652,-0.008468911659982536,down,False,False,False,False,False,0,0,hold
2026-05-28 00:00:00,74449.31,74590.77,73060.59,73258.01,5727.94403,0.0001,101297.192,7521985067.4672,-0.016001359314325447,-0.032041409563574486,-0.04442762647036069,0.04261613545688592,0.006597835600467641,9.620666666666668e-05,1.7926814141212324,9.914e-05,9.914e-05,0.015888912947971345,0.015429258806311186,0.5788615064089874,75818.49976505102,76604.67497865901,-0.010685952200554794,down,False,False,False,False,False,0,0,hold
2026-05-28 04:00:00,73258.0,73512.14,72728.85,73498.0,4799.6102,0.0001,104336.238,7634313835.3314,0.003275955762380267,-0.032630459913155496,-0.04213221176778459,0.047371847623054464,0.006428494319534665,9.620666666666668e-05,1.7519065070460023,0.0001,9.914e-05,0.037224139404212764,0.05316664531455961,1.2626005689095101,75597.4997874271,76482.84458733904,-0.012759600705917307,down,False,False,False,False,False,1,0,hold
2026-05-28 08:00:00,73498.0,73616.0,73193.13,73505.66,1994.38372,5.011e-05,104636.199,7677742357.778963,0.00010422052300751439,-0.029873888037325824,-0.047651215835498584,0.047371847623054464,0.006768131885234254,8.964500000000001e-05,0.23140017673923954,0.0001,0.0001,0.03514681603924075,0.06004971230214751,1.177631731835902,75398.27695052928,76366.09225058065,-0.014374006970775954,down,False,False,False,False,False,0,0,hold
2026-05-28 12:00:00,73505.65,73580.75,72582.82,72928.73,4632.38493,5.011e-05,106629.857,7783917789.088,-0.007848783345391519,-0.03182539470761825,-0.04690877060460219,0.03903113712032669,0.006865490192449158,8.308333333333334e-05,0.23009936489124325,5.011e-05,0.0001,0.035434624630702904,0.09679111794465012,1.1707483221816957,75163.08200285982,76231.29373095004,-0.016012974783014555,down,False,False,False,False,False,0,0,hold
2026-05-28 16:00:00,72928.73,73749.69,72741.4,73419.32,2524.28664,0.0001,106258.671,7823443414.5144,0.006726978517245685,-0.02193747162500015,-0.03461684110871499,0.03903113712032669,0.008494502397001844,8.322666666666667e-05,1.7271555305268596,5.011e-05,5.011e-05,0.03680985444182383,0.07660036477613774,1.1987287928726742,74997.00943115889,76121.02025130494,-0.016568375114686895,down,False,False,False,False,False,1,0,hold
2026-05-28 20:00:00,73419.31,73949.22,73241.48,73617.51,1595.41074,0.0001,106695.438,7836641217.0306,0.002699425709744796,-0.011172569789104858,-0.030455678854776957,0.027664259944708558,0.008492373947259125,8.337e-05,1.6915053038411507,0.0001,5.011e-05,0.05659904371420321,0.07577302940857678,1.799389147265651,74865.62853295328,76022.84337870475,-0.01606555657698172,down,True,False,False,False,False,4,0,short
2026-05-29 00:00:00,73617.52,73868.33,73189.11,73301.52,2123.30407,0.0001,106092.688,7766186337.7072,-0.004292321215428108,0.0005939282270976953,-0.03146651163405245,0.01882539146315887,0.005352298551476684,8.337e-05,1.6579806756942177,0.0001,0.0001,0.047340858175022316,0.06398196589741878,1.474598903374848,74716.66581552917,75916.12481483398,-0.014532521125269593,down,True,False,False,False,False,4,0,short
2026-05-29 04:00:00,73301.53,73939.19,73210.21,73528.56,2641.80699,0.0001,106013.307,7818969052.4622,0.0030973436840053825,0.00041579362703747513,-0.032228233823397234,0.01882539146315887,0.0053316311630804795,8.337e-05,1.626378425109977,0.0001,0.0001,0.016073696274155447,0.05389616518921847,0.4720147790369446,74603.51288071687,75822.4948220954,-0.013148409795366689,down,False,False,False,False,False,0,0,hold
2026-05-29 08:00:00,73528.55,73902.85,73341.85,73487.98,2197.79295,5.391e-05,105456.445,7761904985.421863,-0.0005518943931446252,-0.00024052569557242442,-0.03010722829519863,0.01882539146315887,0.00533778814776309,8.400333333333334e-05,0.26210924897741306,0.0001,0.0001,0.007839027103803797,0.04326135998658853,0.2064959055230684,74497.27165398192,75730.94522122892,-0.011949945449529764,down,False,False,False,False,False,0,0,hold
2026-05-29 12:00:00,73487.98,74200.0,72512.49,73808.26,4624.93207,5.391e-05,106750.766,7800064970.088,0.004358263759597136,0.012060130486297949,-0.020149082634272064,0.02327199079772324,0.0038911264828611182,8.463666666666666e-05,0.2607043081196626,5.391e-05,0.0001,0.0011339131778071998,0.036608717596329665,-0.009841268594965305,74431.65149645983,75655.54580078858,-0.009731246868937116,down,False,False,False,False,False,0,0,hold
2026-05-29 16:00:00,73808.25,74514.1,73187.25,73520.28,5596.86593,6.702e-05,104517.754,7665635179.8466,-0.003901731323838198,0.0013751148880156716,-0.020592523280821395,0.027603658349065086,0.00372816564963282,7.914e-05,0.6474707622313826,5.391e-05,5.391e-05,-0.01638376410711928,0.01982300636271228,-0.5741933169613924,74344.85421108271,75571.80988703216,-0.008695749670855957,down,False,False,False,False,False,0,0,hold
2026-05-29 20:00:00,73520.29,73844.0,73320.0,73460.78,1502.0394,6.702e-05,104252.321,7657144341.940932,-0.0008093005086488025,-0.0021289771957785364,-0.013277760838584118,0.027603658349065086,0.003534411870440785,7.364333333333333e-05,0.6429433099615217,6.702e-05,5.391e-05,-0.022898045556549507,0.03240499067622893,-0.7796753258568159,74260.65666717007,75489.02440126619,-0.008080769207953975,down,False,False,False,False,False,0,0,hold
2026-05-30 00:00:00,73460.78,73796.43,73408.62,73524.01,1539.64276,3.464e-05,104385.22,7698138573.428,0.0008607313998025834,0.0030352713013317434,0.003631002261732297,0.027603658349065086,0.0029650643633209557,6.275000000000001e-05,-0.3276508582933643,6.702e-05,6.702e-05,-0.01609411574151076,0.030484833182740312,-0.5538487498249987,74190.49984172531,75411.96501298124,-0.007042150075365128,down,False,False,False,False,False,0,0,hold
2026-05-30 04:00:00,73524.01,73709.91,73216.0,73548.6,1487.87007,3.464e-05,103843.651,7638023875.347082,0.0003344485699299238,0.00027254715718627587,0.0006884541075948825,0.027603658349065086,0.0026838842265640623,5.185666666666667e-05,-0.3259006349365143,3.464e-05,6.702e-05,-0.020465883589500744,-0.004721149712145101,-0.6917266780809004,74129.36652346575,75338.89187521726,-0.006355550012895783,down,False,False,False,False,False,0,0,hold
2026-05-30 08:00:00,73548.6,73680.75,73500.02,73602.02,1076.47863,4.732e-05,103661.601,7631090222.2554,0.0007263224588911488,0.001551818406221095,0.0013109194584470796,0.027603658349065086,0.0026774256948775,5.075833333333333e-05,0.057981729051939025,3.464e-05,3.464e-05,-0.01701976583792497,-0.009314157139824975,-0.5746281281846757,74079.14304504044,75270.77925265972,-0.005612670097283057,down,False,False,False,False,False,0,0,hold
2026-05-30 12:00:00,73602.01,74100.0,73594.4,73930.14,1485.09864,4.732e-05,104604.718,7730403725.3898,0.00445802982037713,0.0016513056939697623,0.013731351142409975,0.018129523926640356,0.002708090875343641,4.966e-05,0.0577067000153597,4.732e-05,3.464e-05,-0.020103349890716604,-0.018992232166268552,-0.6712979283407067,74064.95227884612,75218.20516432013,-0.004926657010037694,down,False,False,False,False,False,0,0,hold
2026-05-30 16:00:00,73930.13,74143.76,73811.3,74016.65,836.20775,6.214e-05,103779.161,7680446635.6236,0.0011701587471630859,0.0067514704786215685,0.008135869414208408,0.012671547202797173,0.0017723647142556974,4.8846666666666674e-05,0.5080437251321542,4.732e-05,4.732e-05,-0.007066675007195489,-0.02333466037797527,-0.23918979875574173,74060.35206181316,75171.08535395464,-0.0038267900621848927,down,False,False,False,False,False,0,0,hold
2026-05-30 20:00:00,74016.64,74054.0,73781.3,73884.38,1090.11124,6.214e-05,103755.836,7662337361.8492,-0.001787030350603458,0.0057663422577327594,0.0036250886507844804,0.012671547202797173,0.0020140669269128526,4.803333333333333e-05,0.5050720173904323,6.214e-05,4.732e-05,-0.004762340015432409,-0.027551337293352685,-0.1618486786798706,74043.59281783096,75120.62632046622,-0.002922999325362552,down,False,False,False,False,False,0,0,hold
2026-05-31 00:00:00,73884.38,74275.66,73858.56,74150.64,1099.56261,4.432e-05,104329.274,7726719928.7866,0.0036037387063407866,0.008522794118547283,0.011583934412274122,0.014473065996503554,0.002280586786427963,4.964666666666667e-05,-0.04372661277111289,6.214e-05,6.214e-05,-0.0005359571019728504,-0.01662144708785196,-0.02071266667958558,74053.78778756133,75082.58764123225,-0.0018427164455776524,down,False,False,False,False,False,0,0,hold
2026-05-31 04:00:00,74150.64,74221.33,73836.0,73871.24,869.39106,4.432e-05,104840.541,7760710296.598501,-0.00376800523906462,0.004386759231310933,0.004660501987255206,0.010552922298524559,0.003127866264449094,5.126e-05,-0.043527050406730765,4.432e-05,6.214e-05,0.009599912853603287,-0.011062441434828596,0.317511647848685,74036.40228398406,75035.08381216433,-0.0012540811265703278,down,False,False,False,False,False,0,0,hold
2026-05-31 08:00:00,73871.25,74024.0,73699.2,73937.79,1250.59286,5.663e-05,105183.704,7770067471.6656,0.000900891876188803,0.0045619671851395704,0.006120864936007164,0.009256954333481948,0.0031285938516755897,5.281166666666667e-05,0.3375656655918793,4.432e-05,4.432e-05,0.014683383097662261,-0.0025862904822935295,0.48585386450870205,74027.01063789034,74992.05268227553,-0.0007037393388635849,down,False,False,False,False,False,0,0,hold
2026-05-31 12:00:00,73937.63,74023.99,73483.05,73655.21,1349.33176,5.663e-05,104749.593,7706448506.9286,-0.003821861594726972,-0.003718781000549898,-0.0020736161508209117,0.010786296975969334,0.002996047737935027,5.4363333333333335e-05,0.335881604571064,5.663e-05,4.432e-05,0.0013849757713604305,-0.01874621677187782,0.036053145795779465,73991.60105332936,74939.62747904904,-0.0009903635020326318,down,False,False,False,False,False,0,0,hold
2026-05-31 16:00:00,73655.2,73734.0,73400.0,73563.42,985.40321,5.988e-05,104905.289,7718270261.2993,-0.0012462119108751502,-0.006123351975535152,0.0005867768729934664,0.01192997275204366,0.0028674118440155344,5.398666666666667e-05,0.4354545110249881,5.663e-05,5.663e-05,0.010851195838825545,0.003707838957197618,0.3557695356983922,73950.82190539323,74885.65855830202,-0.0014789310794595112,down,False,False,False,False,False,0,0,hold
2026-05-31 20:00:00,73563.41,74198.0,73500.0,73674.39,1432.17557,5.988e-05,104961.426,7758601663.9236,0.0015084943032828146,-0.0028421433596654833,0.002907810126709709,0.01192997275204366,0.0030034463363055545,5.361e-05,0.4331741555076163,5.988e-05,5.663e-05,0.0116194909749463,0.006801814992684951,0.3799473749614543,73924.49505726054,74838.15783052547,-0.0016084816530098633,down,False,False,False,False,False,0,0,hold
2026-06-01 00:00:00,73674.39,74092.0,73222.0,73769.06,1797.97503,5.703e-05,104894.245,7737712792.066,0.001284978402942949,-0.005146010877316809,0.003332924849991148,0.013647947338231603,0.0024774850272648134,5.572833333333333e-05,0.3414970179022164,5.988e-05,5.988e-05,0.005415268201712786,0.004876408748288208,0.16663056918127483,73909.69171847383,74796.23242540682,-0.0019458298271100016,down,False,False,False,False,False,0,0,hold
2026-06-01 04:00:00,73769.06,73841.37,72704.0,72818.0,2313.7758,5.703e-05,105025.253,7678028658.4445,-0.012892396893765423,-0.014257781512805323,-0.009933567736163607,0.02054907570422526,0.005535189295961997,5.7846666666666676e-05,0.3398482897648458,5.703e-05,5.988e-05,0.0017618375319143897,0.011378663872286143,0.040723346116338266,73805.72107861917,74718.65468323401,-0.003115780862501416,down,False,False,False,False,False,0,0,hold
2026-06-01 08:00:00,72818.0,73095.64,72290.0,72479.99,4064.81004,4.438e-05,106408.763,7738321908.1438,-0.004641846796121785,-0.019716575245216084,-0.015244554429348578,0.026393692073592545,0.005337577117260661,5.5805000000000005e-05,-0.06250926777668146,5.703e-05,5.703e-05,0.011646851683412951,0.026501249966224272,0.38048445951503745,73679.46097589354,74630.86391134249,-0.004694903373808734,down,False,False,False,False,False,0,0,hold
2026-06-01 12:00:00,72480.0,72610.0,71066.33,71129.62,8608.45364,4.438e-05,106013.543,7584198264.8657,-0.01863093524157511,-0.03428935984297665,-0.03788062622362143,0.0440668597914089,0.008253711649840801,5.376333333333334e-05,-0.06224282543274222,4.438e-05,5.703e-05,0.012066395331961077,0.013468082768503864,0.3930000996188388,73436.61897818939,74493.56022854474,-0.007500609085887566,down,False,False,False,False,False,0,0,hold
2026-06-01 16:00:00,71129.62,71800.73,70686.68,71595.24,4920.23395,0.0001,105168.201,7516371325.47,0.006546077428784436,-0.026754873549924563,-0.03271439601765269,0.04967442239471431,0.00960952147469031,6.0450000000000006e-05,1.694810195886658,4.438e-05,4.438e-05,0.00250618441173156,0.013384575348417194,0.059633362487298,73261.24955169516,74379.90061173907,-0.009324742253443152,down,False,False,False,False,False,0,0,hold
2026-06-01 20:00:00,71595.24,71690.0,70840.9,71408.9,2215.84338,0.0001,105024.235,7496272811.901,-0.0026026869942752384,-0.030750034034893292,-0.03350478138951707,0.048174847085759476,0.009237253881017192,6.713666666666667e-05,1.6675592743473415,0.0001,4.438e-05,0.0005984007877330999,0.01222484487523201,-0.007107301449183229,73084.83530867657,74263.39078382774,-0.011358342697283086,down,False,False,False,False,False,0,0,hold
2026-06-02 00:00:00,71408.9,71408.9,70111.0,70953.69,3525.64758,0.0001,105748.907,7487794582.6211,-0.006374695591165658,-0.03816464517780216,-0.043114260375905045,0.05320662948752686,0.00868162208154567,7.429833333333335e-05,1.641584617266639,0.0001,0.0001,0.008147844526646963,0.013607235491737368,0.25710792607692334,72881.86908880262,74133.59859622666,-0.013906466199131828,down,False,False,False,False,False,0,0,hold
2026-06-02 04:00:00,70953.7,71048.0,69733.0,70118.42,4217.43297,0.0001,105731.096,7409428771.545697,-0.011772044554694827,-0.037072976461863805,-0.05080217957624655,0.04822164541895524,0.008525545542825821,8.146e-05,1.6167895931240286,0.0001,0.0001,0.006720697925859831,0.00849437623562066,0.20579356072825267,72618.68346129761,73976.1406120609,-0.016083273762166894,down,False,False,False,False,False,0,0,hold
2026-06-02 08:00:00,70118.42,70172.0,69324.65,69461.72,3766.33037,5.99e-05,106179.842,7393231585.738785,-0.00936558467803461,-0.041642803758665026,-0.060538325530151704,0.04739079101012411,0.00856579217232213,8.404666666666666e-05,0.36605257098862676,0.0001,0.0001,-0.0021513359759666173,0.009470459416413002,-0.10827095344337233,72318.02027450736,73799.10450962714,-0.018477886284097744,down,False,False,False,False,False,0,0,hold
2026-06-02 12:00:00,69461.73,69548.13,67076.0,67304.28,9534.68154,5.99e-05,109555.668,7449500579.2632,-0.031059409412839245,-0.05377984586449358,-0.08622512922032277,0.0704384578686863,0.012520926359592378,8.663333333333333e-05,0.36437370583825585,5.99e-05,0.0001,0.03341200472849026,0.045881562518338415,1.1464664209859012,71840.52120074476,73544.40550924961,-0.021734358139754217,down,False,False,False,False,False,0,0,hold
2026-06-02 16:00:00,67304.29,68146.3,66432.0,67315.14,5955.1383,8.345e-05,110622.196,7446888738.0273485,0.00016135675175488196,-0.05978190728880861,-0.08493732346864791,0.07914860308285165,0.011117432638699536,8.3875e-05,1.0933608616078716,5.99e-05,5.99e-05,0.05185973467398197,0.054495889144349885,1.7703827300469077,71409.53251495954,73300.12058731826,-0.025275531717882993,down,False,False,False,False,False,0,0,hold
2026-06-02 20:00:00,67315.14,67923.24,66193.0,66760.83,5858.9651,8.345e-05,106962.0,7096575725.4,-0.008234551692234415,-0.06509090603552203,-0.09383939249446105,0.07879836236460047,0.010575395781854464,8.111666666666667e-05,1.0838019760008293,8.345e-05,5.99e-05,0.018450646177046615,0.01906008784598634,0.5902684700192666,70966.79894210625,73043.67781918813,-0.028980517745230028,down,False,False,False,False,False,0,0,hold
2026-06-03 00:00:00,66760.84,67204.15,65426.34,65849.9,5876.92165,7.165e-05,108434.721,7221252587.182331,-0.013644677575159081,-0.07193128363021017,-0.10735069689108145,0.08592349808960731,0.010338512570082756,7.639166666666666e-05,0.7099397019268412,8.345e-05,8.345e-05,0.025398030827874063,0.03375281456098955,0.8297598615722047,70479.47523333423,72761.56888510233,-0.0329628463910715,down,False,False,False,False,False,0,0,hold
2026-06-03 04:00:00,65849.9,67516.0,65834.0,67220.03,5699.32885,7.165e-05,106346.794,7119843415.5442,0.02080686531034992,-0.041335643330240424,-0.07687618445988631,0.07253439516867366,0.017056144562334445,7.166666666666667e-05,0.70575118904217,7.165e-05,8.345e-05,0.005823244279998585,0.012583078471612996,0.1369059665150022,70169.05187777859,72544.25363470617,-0.033732800799460394,down,False,False,False,False,False,0,0,hold
2026-06-03 08:00:00,67220.03,67476.69,66656.48,67067.37,3840.69634,5.229e-05,107739.315,7246546326.9,-0.002271049269094383,-0.03447006495088234,-0.07467743855924935,0.06299893895944675,0.01709601314879717,7.039833333333333e-05,0.09656895793177685,7.165e-05,7.165e-05,0.014687090982862916,0.01250415813968253,0.449454527177721,69873.65360370444,72329.47388432553,-0.0338002431693305,down,False,False,False,False,False,0,0,hold
2026-06-03 12:00:00,67067.37,67244.62,66076.0,66076.01,4537.71513,5.229e-05,108976.171,7284076245.811,-0.01478155472624021,-0.01824950805505987,-0.07104789818924939,0.041572858882217956,0.013090507131196036,6.913e-05,0.09619336289564366,5.229e-05,7.165e-05,-0.005289520940167214,0.027945750289658733,-0.26115794098366285,69511.9732604945,72084.24000650884,-0.03241273728713023,down,False,False,False,False,False,0,0,hold
2026-06-03 16:00:00,66076.01,66373.18,65251.0,65462.0,4242.73831,0.0001,105243.594,6947191152.532698,-0.00929247997873961,-0.02752931955574922,-0.08566547161515214,0.04095324209590667,0.013203233283041026,7.188833333333333e-05,1.586276200002385,5.229e-05,5.229e-05,-0.04862136347392709,0.0007168801908097322,-1.7801209720514015,69126.26152139979,71824.54431997909,-0.031974316497330846,down,False,False,False,False,False,0,0,hold
2026-06-03 20:00:00,65461.99,65860.0,64092.49,64142.75,5940.90622,0.0001,104294.821,6766960870.943,-0.02015291314044787,-0.039215809629688625,-0.1017541230854977,0.05341515051139378,0.014678969110223277,7.464666666666667e-05,1.5651808041968822,0.0001,5.229e-05,-0.024935762233316505,-0.006945196982391821,-0.9335758813542985,68651.64137650457,71523.29748390148,-0.03262310827194492,down,False,False,False,False,False,0,0,hold
2026-06-04 00:00:00,64142.75,64540.3,61383.56,64363.49,16957.23407,2.705e-05,101614.443,6420457773.7335,0.0034413865947438005,-0.02257269942703022,-0.09288029981245516,0.099903622403132,0.014686063978248084,6.721333333333333e-05,-0.7156435779488893,0.0001,0.0001,-0.06289754736400355,-0.03909699038307801,-2.224929772762716,68243.24600731366,71242.52071982692,-0.03172880074116835,down,False,False,False,False,False,0,0,hold
2026-06-04 04:00:00,64363.49,64764.32,63492.89,63603.15,5000.68767,2.705e-05,100534.539,6433793593.108362,-0.01181321895378884,-0.05380658116338233,-0.09291809484583358,0.09926322292157708,0.008552828418452578,5.978000000000001e-05,-0.7115893843911385,2.705e-05,0.0001,-0.05465378674226884,-0.04914880481329731,-1.9016475319202066,67801.33210185522,70942.93755434352,-0.0337430777894433,down,False,False,False,False,False,0,0,hold
2026-06-04 08:00:00,63603.15,63904.63,62205.0,62545.99,8595.49118,1.519e-05,103008.655,6427667627.0574465,-0.0166211893593321,-0.06741549579176875,-0.09956174422401287,0.09548256894842844,0.00824713656231804,5.359666666666667e-05,-1.0756865189705413,2.705e-05,2.705e-05,-0.04390839128687618,-0.029866186841754794,-1.5109611154944615,67300.82333024996,70613.64549338887,-0.036821178523833265,down,False,False,False,False,True,0,3,long
2026-06-04 12:00:00,62546.0,64494.92,62392.0,63896.17,6185.98937,1.519e-05,101087.987,6462244824.817196,0.021586995425286304,-0.0329898854364844,-0.05063734431153566,0.08128593388848726,0.015532407348870432,4.741333333333334e-05,-1.0671272136040701,1.519e-05,2.705e-05,-0.07238448486137405,-0.07729112655312376,-2.421216575872467,66976.57063213091,70350.21508188343,-0.036474329664937355,down,False,False,False,False,False,0,0,hold
2026-06-04 16:00:00,63896.16,64163.93,62944.91,63629.38,3723.72569,-1.077e-05,102319.174,6528554805.378661,-0.004175367631581106,-0.02799517277198993,-0.0547538042704806,0.07292571496342015,0.015420976379354044,2.895166666666667e-05,-1.8512991269143806,1.519e-05,1.519e-05,-0.027787154437162176,-0.07505746857529383,-0.9133276502782696,66657.79057192797,70086.65292180958,-0.035709597121893366,down,False,False,False,False,False,0,0,hold
2026-06-04 20:00:00,63629.38,63918.0,63106.04,63885.99,3114.04773,-1.077e-05,99355.465,6331746569.752457,0.004032885437513345,-0.004002946552806086,-0.04306177739252204,0.05507598451442042,0.013603358399197855,1.0490000000000003e-05,-1.8217666657414444,-1.077e-05,1.519e-05,-0.047359552014572204,-0.07111436771937696,-1.5519857980502492,66393.80956507768,69843.48966997392,-0.03288824223508824,down,False,False,False,False,False,0,0,hold
2026-06-05 00:00:00,63885.99,63978.0,62339.0,62730.0,4162.99809,1.315e-05,99149.26,6204929885.420012,-0.01809457754352717,-0.025379139633354253,-0.047378963369724136,0.041143316453661205,0.015086777330280235,8.173333333333335e-06,-1.07551901606581,-1.077e-05,-1.077e-05,-0.02426016348876714,-0.08563180607067744,-0.7734546786380636,66044.87532078457,69564.52929075925,-0.03221374736913141,down,False,False,False,False,False,0,0,hold
2026-06-05 04:00:00,62730.0,63688.0,61126.01,63115.99,10733.42354,1.315e-05,100107.305,6198333992.9545,0.006153196237844716,-0.007659369072129385,-0.061053825771871906,0.055114181344406266,0.015051852181726626,5.8566666666666685e-06,-1.0672077313888833,1.315e-05,-1.077e-05,-0.004249624101822502,-0.05867115279469548,-0.10170544971440272,65765.93386166223,69311.64539700399,-0.03002003319249391,down,False,False,False,False,False,0,0,hold
2026-06-05 08:00:00,63115.99,63259.9,61964.98,61964.99,4297.16406,-1.431e-05,97985.616,6125511992.8704,-0.018236266277372848,-0.009289164661075766,-0.07607842681172672,0.055114181344406266,0.015393647565541306,9.400000000000017e-07,-1.8817463288567762,1.315e-05,1.315e-05,-0.048763271396952024,-0.09053054588290266,-1.579705113022441,65403.93920817059,69023.54126378815,-0.02818515477546568,down,False,False,False,False,False,0,0,hold
2026-06-05 12:00:00,61964.99,62457.86,60000.0,60438.01,14801.01342,-1.431e-05,100570.35,6118207709.582863,-0.024642624811203828,-0.054121553764490016,-0.08532597534263942,0.0693988333333333,0.01292524444823645,-3.9766666666666645e-06,-1.8518355858381605,-1.431e-05,1.315e-05,-0.00512065790765015,-0.07713448658422761,-0.11796573532743972,64930.9935692972,68686.85376324745,-0.030541681121134867,down,False,False,False,False,False,0,0,hold
2026-06-05 16:00:00,60438.0,61547.24,59130.91,60300.24,13747.59231,-8.63e-06,104263.97,6189290698.907045,-0.002279525748779654,-0.052320798976824845,-0.07885124194188997,0.08197218679705753,0.013093561707856999,-3.619999999999998e-06,-1.6576321248219779,-1.431e-05,-1.431e-05,0.01900715109369444,-0.009308157986318788,0.6891434774485028,64489.96941984032,68357.96694900245,-0.03252164725964668,down,False,False,False,False,False,0,0,hold
2026-06-05 20:00:00,60300.24,62000.0,59940.01,61056.47,7285.09665,-8.63e-06,102700.588,6321909285.3396,0.01254107778012159,-0.04429014874779269,-0.048115804202345513,0.08197218679705753,0.01507751660724083,-3.2633333333333315e-06,-1.6361124260696271,-8.63e-06,-1.431e-05,0.033668233549105864,-0.01528583092347402,1.1725098639433982,64162.969475093625,68071.63373531608,-0.03360012182758454,down,False,False,False,False,False,0,1,hold
2026-06-06 00:00:00,61056.47,61530.05,60520.0,60687.04,2945.07914,-1.234e-05,101895.521,6208450834.713195,-0.006050628213520981,-0.03256751155746851,-0.05712011576749487,0.07706781444763822,0.014146133309263871,-7.5116666666666645e-06,-1.7226308668218897,-8.63e-06,-8.63e-06,0.02769825009283977,0.0027661225284676405,0.9649507489121714,63831.92857270376,67782.04182412721,-0.03350671399305971,down,False,False,False,False,False,0,0,hold
2026-06-06 04:00:00,60687.05,61276.95,59500.0,61004.95,7062.57386,-1.234e-05,101716.134,6181686156.1026,0.005238515505122665,-0.03344699180033461,-0.040850178017912686,0.06982794616216803,0.014000661939841383,-1.1759999999999998e-05,-1.6993012882359007,-1.234e-05,-8.63e-06,0.016071044965200176,0.011753124963352235,0.571168789168727,63562.69251816054,67516.2735172987,-0.033501255348037384,down,False,False,False,False,False,0,0,hold
2026-06-06 08:00:00,61004.95,61500.0,60198.0,60802.91,3473.55766,2.675e-05,101814.245,6167496936.215428,-0.0033118623980511464,-0.01875381566268297,-0.027868773042044603,0.05626414340655339,0.012551347390504968,-4.916666666666664e-06,-0.5450080358463574,-1.234e-05,-1.234e-05,0.03907337787211551,-0.011595239254410306,1.3332263670521038,63299.85608785954,67253.00435975757,-0.03217058705919962,down,False,False,False,False,False,0,0,hold
2026-06-06 12:00:00,60802.9,61185.26,60396.0,60784.0,2291.49519,2.675e-05,102385.594,6221355548.049384,-0.00031100485157709024,0.005724708672572021,-0.048706675220126616,0.048520985048259746,0.006810785792292718,1.9266666666666684e-06,-0.5426121328999204,2.675e-05,-1.234e-05,0.01804949470693895,0.01283641151148851,0.6233678759216835,63060.25074615863,66999.31791427688,-0.02881124591358719,down,False,False,False,False,False,0,0,hold
2026-06-06 16:00:00,60784.01,60971.24,60393.96,60600.01,2446.99506,-5.11e-06,101829.486,6171477828.516,-0.0030269478810213135,0.004971290329856215,-0.0476096105289725,0.04201680672268915,0.006888522643419124,2.5133333333333352e-06,-1.4699987078057704,2.675e-05,2.675e-05,-0.023349235598836282,-0.004785886954091323,-0.767089626749081,62825.94210366733,66748.36466273661,-0.025802885799804054,down,False,False,False,False,False,0,0,hold
2026-06-06 20:00:00,60600.0,61000.0,60429.09,60884.62,1575.88786,-5.11e-06,101554.98,6151164827.604,0.004696533878459697,-0.0028146075264422477,-0.046980096888222245,0.03411848739495804,0.004583941092336567,3.100000000000002e-06,-1.4545105629042065,-5.11e-06,2.675e-05,-0.011154833894427285,0.02213783610191955,-0.35425260118521473,62641.054284270445,66518.4138916489,-0.023719525503163474,down,False,False,False,False,False,0,0,hold
2026-06-07 00:00:00,60884.62,61778.33,60746.0,61701.07,2959.18911,-2.828e-05,102930.416,6327389997.56,0.013409790518525089,0.016709168876913427,-0.016402518731069682,0.03829126050420162,0.006373312350766104,4.433333333333353e-07,-2.096269205354947,-5.11e-06,-5.11e-06,0.010156432685593852,0.03813599819101032,0.36557954525831904,62551.531971482786,66329.49844491757,-0.020058873824603585,down,False,False,False,False,False,0,0,hold
2026-06-07 04:00:00,61701.06,62416.26,61482.46,62404.73,4903.20395,-2.828e-05,103160.276,6404221234.252949,0.011404340313709405,0.022945351155930993,-0.011269093616371961,0.03684939698993328,0.007280980515406609,-2.2133333333333313e-06,-2.059413343415085,-2.828e-05,-5.11e-06,0.014197767288324226,0.030496985210020533,0.5006093463738231,62537.55083134157,66175.5859568816,-0.016128040619520223,down,False,False,False,False,False,0,0,hold
2026-06-07 08:00:00,62404.72,62960.0,62259.37,62621.96,4723.06235,4.07e-06,101443.793,6324622795.098463,0.0034809861367879336,0.029917153636232152,0.010602277189103004,0.04248835479574442,0.00643052600557165,-5.9933333333333316e-06,-1.1220419371728363,-2.828e-05,-2.828e-05,-0.003638508540725227,0.03529270051228761,-0.1061034668956455,62545.58979978523,66036.22807621957,-0.011915766238510761,down,False,False,False,False,False,0,0,hold
2026-06-07 12:00:00,62621.97,62643.97,61577.12,62093.99,4554.1389,4.07e-06,101826.034,6301044784.22894,-0.00843106795124271,0.021551559620952787,0.027399644693794523,0.04248835479574442,0.008330889133929292,-9.773333333333332e-06,-1.1137900165926469,4.07e-06,-2.828e-05,-0.005465221992070446,0.012485628219450318,-0.16790452585748694,62502.58029504378,65881.63050460312,-0.00884345438713341,down,False,False,False,False,False,0,0,hold
2026-06-07 16:00:00,62093.99,62332.0,61184.0,61328.0,2477.20723,2.742e-05,101313.354,6281235452.6274,-0.012335976476950505,0.012013034321281424,0.01704404493249112,0.04188231197921399,0.010415455280030541,-4.351666666666664e-06,-0.442720854662631,4.07e-06,4.07e-06,-0.005068590840181519,-0.02829947871733629,-0.15378201291203714,62390.71550503961,65703.05675932457,-0.006927498164843504,down,False,False,False,False,False,0,0,hold
2026-06-07 20:00:00,61327.99,64234.68,61217.17,63332.01,6995.30289,2.742e-05,98293.307,6176289433.3371,0.03267691755804858,0.040197179517585946,0.03726943270713168,0.057430612715240414,0.016392876601041325,1.0700000000000016e-06,-0.4410191422691057,2.742e-05,4.07e-06,-0.032117312218465255,-0.042913882829960115,-1.0758780130642254,62480.36259979774,65610.0745334687,-0.002565277457551529,down,False,False,False,False,False,0,0,hold
2026-06-08 00:00:00,63332.01,63863.06,62720.86,63130.12,3315.4618,3.533e-05,98703.779,6228607663.764383,-0.0031878034504194686,0.023160862526371062,0.04025703016657256,0.04986074790794981,0.016434680636843342,1.1671666666666667e-05,-0.2123668837405554,2.742e-05,2.742e-05,-0.04106305176110436,-0.031323673196587354,-1.3699166961711575,62542.244256959864,65512.82141450914,-0.00014848100806152953,down,False,False,False,False,False,0,0,hold
2026-06-08 04:00:00,63130.12,63350.0,62408.0,63283.99,2834.18452,3.533e-05,98387.613,6193972498.8924,0.0024373468639058427,0.014089637115648035,0.03735827994285712,0.04986074790794981,0.01602208858723357,2.2273333333333332e-05,-0.21166323009880825,3.533e-05,2.742e-05,-0.04626454275868752,-0.03272362868215195,-1.5308311974666584,62612.88670867797,65425.41626099898,0.001204650267478069,sideway,False,False,False,False,False,0,0,hold
2026-06-08 08:00:00,63284.0,63873.08,62992.01,63479.61,3752.47446,3.454e-05,98400.333,6211197324.172704,0.0030911451695760928,0.013695674808006597,0.04402256405162186,0.04986074790794981,0.016017813049088794,2.735166666666667e-05,-0.2337895427210401,3.533e-05,3.533e-05,-0.030001441290745223,-0.033530789331099986,-0.9699729785107276,62695.431784041975,65349.11013311667,0.0023957242187084837,sideway,False,False,False,False,False,0,0,hold
2026-06-08 12:00:00,63479.62,64200.0,62718.3,63774.48,8126.80733,3.454e-05,98763.089,6313637866.8119,0.004645113604195172,0.02706364979928022,0.04919847328244287,0.04986074790794981,0.015117762951056699,3.2430000000000006e-05,-0.2330175613395877,3.454e-05,3.533e-05,-0.03008017576330224,-0.03538100291726576,-0.9664923742626021,62798.19828079989,65287.359931817984,0.004729692508063543,sideway,False,False,False,False,False,0,0,hold
2026-06-08 16:00:00,63774.48,64046.86,63268.01,63372.01,2713.14128,1.22e-06,98337.138,6238355793.866414,-0.006310831542648443,0.033329148186798996,0.045742566709147336,0.04929188984070976,0.013924447116517984,2.8063333333333336e-05,-1.1957694209368097,3.454e-05,3.454e-05,-0.029376344603101345,-0.03429603877210963,-0.9367209754821967,62852.8470159618,65212.24816978591,0.007407055796384565,sideway,False,False,False,False,False,0,0,hold
2026-06-08 20:00:00,63372.01,63850.0,62978.66,63085.99,2311.31685,1.22e-06,98642.302,6254671628.2952,-0.00451334903216738,-0.003884607483640612,0.03615642176957001,0.0287142674016152,0.004582060647793242,2.3696666666666666e-05,-1.1867820089530434,1.22e-06,3.454e-05,0.0035505469360186392,-0.02868079930693701,0.18638721001544528,62875.05110967973,65128.865496460974,0.006317000949723317,sideway,False,False,False,False,False,0,0,hold
2026-06-09 00:00:00,63086.0,63184.0,62423.07,62875.17,3759.28744,-1.565e-05,97981.611,6157164435.24,-0.0033417879310445597,-0.004038484324123015,0.019028843422002284,0.0287142674016152,0.00459958445660004,1.5200000000000002e-05,-1.657970799495701,1.22e-06,1.22e-06,-0.007316518245973014,-0.04807913143963194,-0.18503928419900906,62875.06243256737,65040.48528091349,0.0053214939687820095,sideway,False,False,False,False,False,0,0,hold
2026-06-09 04:00:00,62875.18,63526.01,62748.0,63198.44,3708.0084,-1.565e-05,98607.064,6239795845.6816,0.005141457271606642,-0.0013518427014478362,0.012718747441099465,0.02846591812930699,0.005072567466007069,6.703333333333334e-06,-1.6390605876097193,-1.565e-05,1.22e-06,0.0022304738707301652,-0.04413726074172197,0.14236762566475114,62905.860296132385,64968.24821107375,0.004679126021094326,sideway,False,False,False,False,False,0,0,hold
2026-06-09 08:00:00,63198.44,63208.86,62498.75,62711.12,2528.63515,3.041e-05,97681.142,6130744804.792743,-0.007710949827242519,-0.012106092019153802,0.0014237816893627464,0.02846591812930699,0.005558275291109104,6.015000000000002e-06,-0.3125514535173242,-1.565e-05,-1.565e-05,-0.0073088268918763966,-0.03709099284172068,-0.18566357773912934,62887.313601262635,64879.73337926694,0.0030605390498243956,sideway,False,False,False,False,False,0,0,hold
2026-06-09 12:00:00,62711.12,62895.18,61037.0,61131.84,6183.44756,3.041e-05,99007.411,6090074560.2443,-0.025183412447425724,-0.041437264560996945,-0.015495058378435678,0.049312056621393596,0.009985957414191777,5.3266666666666685e-06,-0.3115159128114403,3.041e-05,-1.565e-05,0.0024738189385711262,-0.027680769733209987,0.15191124865038716,62720.12563923762,64732.75716831529,-0.0012432305973678615,down,False,False,False,False,False,0,0,hold
2026-06-09 16:00:00,61131.85,62103.39,60780.0,62098.09,4007.5249,6.06e-06,99938.697,6172808682.906965,0.015806002240403627,-0.020102250189003135,0.012556907122358352,0.05051003619611705,0.013682921490770128,6.133333333333335e-06,-1.009921051638192,3.041e-05,3.041e-05,0.016286410531898943,-0.013568369279335135,0.6279744726321789,62660.88414978642,64629.43688720489,-0.0030541634196241674,down,False,False,False,False,False,0,0,hold
2026-06-09 20:00:00,62098.09,62272.0,61556.0,61730.0,1449.31614,6.06e-06,99208.032,6119806186.7712,-0.005927557514248782,-0.021494312762627588,-0.025295423278054896,0.0451794998354722,0.013720125748393939,6.940000000000002e-06,-1.0038317954365688,6.06e-06,3.041e-05,0.005735166237300637,0.009306076150230824,0.2606567218432156,62572.22851647343,64515.73347986352,-0.004816259992823757,down,False,False,False,False,False,0,0,hold
2026-06-10 00:00:00,61730.0,61974.7,61235.29,61549.64,1721.50899,3.65e-06,99975.662,6126038875.904335,-0.0029217560343430815,-0.021081931070723092,-0.02503527634669478,0.0451794998354722,0.013722386529801397,1.0156666666666669e-05,-1.0667052232555063,6.06e-06,6.06e-06,0.02035127795561542,0.01288585921315133,0.7659986628502027,62474.83913395215,64399.41608849633,-0.006365374174291394,down,False,False,False,False,False,0,0,hold
2026-06-10 04:00:00,61549.64,61813.34,61080.0,61687.56,2220.41887,3.65e-06,100788.661,6192424600.537691,0.002240792959958826,-0.02390691922142385,-0.025226443528608145,0.03996150049358338,0.013405939784399726,1.3373333333333336e-05,-1.0599797717245054,3.65e-06,6.06e-06,0.022124145182945476,0.024403966381418396,0.8235632520554912,62399.86016881385,64293.06879090824,-0.008043767702031523,down,False,False,False,False,False,0,0,hold
2026-06-10 08:00:00,61687.56,61736.0,60755.0,61034.04,2813.24386,-3.385e-05,100772.973,6182784676.2528,-0.01059403224896549,-0.026742944473005736,-0.03852528394550625,0.03522640111924935,0.013617724960768619,2.6633333333333342e-06,-2.1093010422483682,3.65e-06,3.65e-06,0.031652281460837095,0.024112113523030443,1.147996928976395,62269.78205749825,64165.26374028439,-0.0098196521428765,down,False,False,False,False,False,0,1,hold
2026-06-10 12:00:00,61034.04,62857.99,60960.0,62639.23,4783.79909,-3.385e-05,100469.988,6246661221.9072,0.02629991394965825,0.024658017818537825,-0.01780100755035552,0.034614270430417315,0.014135625431248095,-8.046666666666665e-06,-2.076167200422313,-3.385e-05,3.65e-06,0.014772399209590503,0.01728276238909454,0.5570719482254018,62304.967575831746,64105.419279881084,-0.006619216067803246,down,False,False,False,False,False,0,0,hold
2026-06-10 16:00:00,62639.23,62646.0,61588.8,61942.44,2675.36915,2.542e-05,100215.482,6197786398.0972,-0.011123859600445263,-0.0025065183164247884,-0.022558381847127773,0.034614270430417315,0.0139690267778855,-4.82e-06,-0.3960188709177174,-3.385e-05,-3.385e-05,0.002769547815897555,0.01910106434051384,0.137154954930904,62270.441140038245,64020.596563023006,-0.006231048524863558,down,False,False,False,False,False,0,0,hold
2026-06-10 20:00:00,61942.45,61949.21,61104.24,61510.99,1784.37656,2.542e-05,99165.695,6084132718.474,-0.006965337497199076,-0.003547869755386346,-0.024965923495850695,0.034614270430417315,0.014058221909145033,-1.5933333333333322e-06,-0.3946994127523421,2.542e-05,-3.385e-05,-0.00042674972123224464,0.005305969035475311,0.02503663499176593,62198.1124600346,63922.180619375045,-0.005978947295130044,down,False,False,False,False,False,0,0,hold
2026-06-11 00:00:00,61510.99,62562.0,61510.99,62472.29,2528.07501,-8.11e-06,100217.372,6224861757.4592,0.01562810157989669,0.014990339504828976,-0.00640761687006175,0.034614270430417315,0.015397835500015156,-3.5533333333333333e-06,-1.3382455219426548,2.542e-05,2.542e-05,0.002417688417007069,0.02281816942160697,0.12467112044376039,62224.22460669797,63865.32216371328,-0.00401144733989367,down,False,False,False,False,False,0,0,hold
